data;carrinhos;registros_itens;unidades;valor_itens
2019-12-16;1;1;4.0;6125.76
2019-12-18;2;3;12.0;52494.3
2019-12-22;1;1;4.0;15317.28
2019-12-23;2;3;10.0;28516.59
2019-12-25;1;6;21.0;141883.515
2019-12-27;1;3;4.0;40740.93
2019-12-30;1;1;4.0;9436.68
2020-01-03;1;2;8.0;12821.4
2020-01-05;1;2;5.0;6971.76
2020-01-06;1;9;35.0;87221.7
2020-01-09;4;5;16.0;39151.98
2020-01-11;1;2;8.0;17613.18
2020-01-13;3;9;24.0;137207.385
2020-01-14;5;10;23.0;48946.77
2020-01-16;2;8;14.0;40678.56
2020-01-17;1;3;7.0;19672.245
2020-01-18;4;13;40.0;70686.54
2020-01-20;3;6;12.0;42636.195
2020-01-21;4;15;46.0;314093.88
2020-01-22;3;6;11.0;30000.195
2020-01-23;1;1;2.0;6944.4
2020-01-24;2;2;8.0;46064.88
2020-01-25;2;11;24.0;48039.435
2020-01-26;2;7;27.0;47446.965
2020-01-27;2;5;10.0;31498.83
2020-01-28;2;3;6.0;21357.0
2020-01-29;3;11;38.0;69242.4
2020-01-30;2;4;5.0;21118.95
2020-02-01;1;2;2.0;17005.05
2020-02-02;2;4;6.0;21096.765
2020-02-03;2;3;12.0;29962.44
2020-02-04;2;5;14.0;32757.75
2020-02-05;2;5;9.0;17428.455
2020-02-06;3;4;13.0;45122.04
2020-02-07;2;3;6.0;25704.495
2020-02-09;1;1;2.0;2679.93
2020-02-10;1;2;5.0;16721.91
2020-02-11;4;6;13.0;25543.17
2020-02-12;3;9;16.0;48407.175
2020-02-13;3;7;17.0;28828.08
2020-02-14;3;4;10.0;30843.675
2020-02-15;6;8;26.0;49089.42
2020-02-16;1;3;5.0;30923.19
2020-02-17;4;7;15.0;39398.04
2020-02-18;3;3;8.0;33171.75
2020-02-19;2;2;8.0;22247.1
2020-02-20;4;6;16.0;34386.03
2020-02-21;5;6;28.0;49088.61
2020-02-23;1;3;8.0;23357.88
2020-02-24;2;2;8.0;21060.0
2020-02-26;4;5;18.0;50832.0
2020-02-27;2;6;10.0;30816.45
2020-02-28;2;7;12.0;18153.405
2020-02-29;2;4;8.0;23721.75
2020-03-01;3;5;13.0;21713.715
2020-03-03;4;19;38.0;104500.125
2020-03-04;1;1;4.0;14934.24
2020-03-06;3;13;21.0;50075.595
2020-03-07;5;6;19.0;141872.13
2020-03-08;2;2;4.0;13242.195
2020-03-09;7;10;24.0;58935.15
2020-03-10;6;16;60.0;153598.86
2020-03-11;4;21;55.0;89210.565
2020-03-12;5;11;31.0;73870.335
2020-03-14;1;1;4.0;12061.98
2020-03-15;2;4;9.0;17255.745
2020-03-16;1;1;3.0;7951.5
2020-03-17;6;10;36.0;123487.335
2020-03-18;2;3;10.0;25387.2
2020-03-19;2;2;6.0;10434.96
2020-03-20;1;3;10.0;19286.235
2020-03-21;2;3;9.0;41764.32
2020-03-22;2;3;5.0;8968.59
2020-03-23;2;12;33.0;118384.47
2020-03-24;2;13;42.0;92894.67
2020-03-25;1;1;4.0;17232.12
2020-03-26;1;1;4.0;5934.24
2020-03-27;2;2;4.0;7561.89
2020-03-30;1;2;2.0;2905.695
2020-04-01;1;2;5.0;10197.495
2020-04-03;5;15;53.0;149470.92
2020-04-05;1;1;6.0;9763.2
2020-04-06;3;5;15.0;34508.7
2020-04-07;2;2;10.0;30663.27
2020-04-08;5;20;57.0;193180.77
2020-04-09;4;6;11.0;45115.65
2020-04-10;6;10;32.0;66926.34
2020-04-11;1;2;7.0;9226.305
2020-04-13;5;10;27.0;58561.155
2020-04-14;3;7;18.0;73351.8
2020-04-15;4;6;21.0;73764.225
2020-04-16;4;7;13.0;46328.13
2020-04-17;2;6;18.0;38763.54
2020-04-18;5;8;26.0;94237.02
2020-04-19;2;6;18.0;28690.11
2020-04-20;3;9;31.0;56703.375
2020-04-21;2;3;8.0;16223.31
2020-04-22;4;4;11.0;33181.425
2020-04-23;3;7;17.0;38429.1
2020-04-24;2;3;3.0;6868.575
2020-04-25;3;3;8.0;23612.49
2020-04-26;1;3;6.0;30148.65
2020-04-27;20;43;116.0;298577.79
2020-04-28;10;19;46.0;129691.395
2020-04-29;15;33;75.0;188963.145
2020-04-30;8;10;34.0;98043.03
2020-05-01;10;19;47.0;104058.72
2020-05-02;5;12;42.0;85512.96
2020-05-03;6;14;29.0;59873.13
2020-05-04;12;31;83.0;320159.745
2020-05-05;12;17;44.0;126297.36
2020-05-06;12;34;88.0;221483.07
2020-05-07;7;12;42.0;114162.12
2020-05-08;7;8;22.0;55008.315
2020-05-09;5;9;24.0;57955.68
2020-05-10;8;14;33.0;69183.45
2020-05-11;10;25;69.0;178695.855
2020-05-12;11;31;97.0;418295.385
2020-05-13;11;20;77.0;167526.54
2020-05-14;7;10;19.0;70546.23
2020-05-15;12;27;76.0;169249.725
2020-05-16;6;9;19.0;63487.395
2020-05-17;10;20;60.0;168496.065
2020-05-18;6;16;44.0;139552.47
2020-05-19;12;30;86.0;341277.705
2020-05-20;11;20;54.0;107547.255
2020-05-21;13;18;43.0;86911.38
2020-05-22;7;8;25.0;51531.39
2020-05-23;9;11;28.0;88848.72
2020-05-24;6;9;23.0;45480.6
2020-05-25;10;16;40.0;107556.12
2020-05-26;13;23;75.0;142512.165
2020-05-27;5;6;11.0;44563.77
2020-05-28;12;29;69.0;294326.055
2020-05-29;7;12;23.0;74195.955
2020-05-30;8;9;19.0;47825.235
2020-05-31;7;8;23.0;49603.86
2020-06-01;4;7;28.0;56252.43
2020-06-02;13;33;80.0;206253.0
2020-06-03;6;12;39.0;90966.285
2020-06-04;13;16;47.0;93786.165
2020-06-05;12;21;63.0;169555.5
2020-06-06;5;17;43.0;126678.735
2020-06-07;9;13;36.0;80505.0
2020-06-08;7;7;21.0;54022.68
2020-06-09;16;17;48.0;133966.44
2020-06-10;20;38;102.0;240081.255
2020-06-11;9;17;58.0;211593.33
2020-06-12;12;20;37.0;89743.32
2020-06-13;6;15;47.0;94615.29
2020-06-14;3;4;8.0;23099.04
2020-06-15;10;18;50.0;166811.67
2020-06-16;10;16;45.0;108720.0
2020-06-17;9;21;68.0;140536.485
2020-06-18;6;10;23.0;46035.99
2020-06-19;7;10;37.0;120289.32
2020-06-20;10;13;31.0;61555.995
2020-06-21;6;9;23.0;76352.715
2020-06-22;9;16;44.0;122885.685
2020-06-23;6;9;26.0;109040.895
2020-06-24;14;20;59.0;135945.585
2020-06-25;17;30;75.0;202181.13
2020-06-26;10;16;43.0;122359.635
2020-06-27;10;10;32.0;63966.285
2020-06-28;5;7;15.0;39236.085
2020-06-29;13;24;51.0;99506.925
2020-06-30;10;14;25.0;78452.91
2020-07-01;13;40;100.0;245299.365
2020-07-02;8;9;23.0;93167.055
2020-07-03;6;11;31.0;99147.645
2020-07-04;9;17;60.0;103586.58
2020-07-05;11;22;70.0;129134.34
2020-07-06;11;31;76.0;156665.565
2020-07-07;12;18;45.0;99913.05
2020-07-08;5;6;12.0;35673.39
2020-07-09;16;35;75.0;175446.72
2020-07-10;11;25;72.0;153853.515
2020-07-11;16;32;93.0;231521.895
2020-07-12;6;9;34.0;112406.805
2020-07-13;11;12;29.0;81238.95
2020-07-14;11;12;33.0;82820.61
2020-07-15;8;13;47.0;127836.945
2020-07-16;12;18;48.0;197386.245
2020-07-17;7;11;30.0;97510.905
2020-07-18;3;7;17.0;61929.45
2020-07-19;8;13;44.0;131952.33
2020-07-20;15;29;73.0;260743.41
2020-07-21;12;26;58.0;150904.71
2020-07-22;10;26;80.0;154119.735
2020-07-23;6;11;31.0;99414.99
2020-07-24;11;20;55.0;222373.89
2020-07-25;9;12;23.0;39886.155
2020-07-26;9;13;30.0;61135.56
2020-07-27;13;19;47.0;97346.07
2020-07-28;9;16;51.0;112341.375
2020-07-29;16;29;86.0;250445.025
2020-07-30;11;13;34.0;81653.85
2020-07-31;7;11;29.0;58872.195
2020-08-01;7;16;26.0;83513.16
2020-08-02;10;17;41.0;133288.605
2020-08-03;14;21;53.0;216779.895
2020-08-04;16;28;82.0;197403.66
2020-08-05;13;19;50.0;127330.605
2020-08-06;13;18;56.0;163629.45
2020-08-07;10;12;39.0;131374.755
2020-08-08;8;12;24.0;55320.66
2020-08-09;8;16;49.0;204891.12
2020-08-10;15;31;101.0;362948.895
2020-08-11;16;27;64.0;230875.065
2020-08-12;12;20;57.0;121722.03
2020-08-13;16;29;92.0;268717.32
2020-08-14;13;16;37.0;86430.015
2020-08-15;11;22;60.0;153913.05
2020-08-16;14;20;56.0;167640.435
2020-08-17;16;32;78.0;231979.77
2020-08-18;19;29;76.0;179768.25
2020-08-19;9;22;65.0;186364.395
2020-08-20;14;25;60.0;211311.63
2020-08-21;18;25;87.0;180070.11
2020-08-22;19;31;92.0;321661.35
2020-08-23;12;15;45.0;109599.03
2020-08-24;8;15;52.0;126458.37
2020-08-25;23;39;101.0;263058.525
2020-08-26;12;30;92.0;249730.965
2020-08-27;15;17;52.0;108168.705
2020-08-28;24;47;125.0;354488.445
2020-08-29;12;20;54.0;135694.035
2020-08-30;13;22;62.0;210627.36
2020-08-31;21;26;67.0;171706.815
2020-09-01;6;7;18.0;30738.465
2020-09-02;17;21;45.0;146451.96
2020-09-03;14;27;65.0;169403.49
2020-09-04;12;20;53.0;110556.72
2020-09-05;11;21;57.0;123714.63
2020-09-06;9;12;31.0;63490.815
2020-09-07;19;26;77.0;197564.535
2020-09-08;20;33;79.0;223133.715
2020-09-09;18;32;92.0;240933.42
2020-09-10;29;47;124.0;265755.69
2020-09-11;11;18;48.0;120354.705
2020-09-12;20;23;75.0;230821.47
2020-09-13;11;15;34.0;87846.39
2020-09-14;33;58;150.0;337345.155
2020-09-15;18;33;100.0;252265.32
2020-09-16;30;45;130.0;304845.93
2020-09-17;24;42;106.0;310262.805
2020-09-18;21;32;76.0;189945.72
2020-09-19;14;25;56.0;136270.035
2020-09-20;12;19;57.0;137473.83
2020-09-21;30;54;130.0;364446.675
2020-09-22;26;37;95.0;340997.13
2020-09-23;21;46;123.0;358497.315
2020-09-24;14;18;45.0;153019.665
2020-09-25;17;31;85.0;163520.505
2020-09-26;10;18;50.0;177238.485
2020-09-27;10;12;35.0;97563.51
2020-09-28;29;48;131.0;293930.28
2020-09-29;26;52;129.0;244658.25
2020-09-30;34;64;162.0;357592.5
2020-10-01;24;34;81.0;194150.88
2020-10-02;23;44;125.0;417349.35
2020-10-03;17;29;68.0;284573.655
2020-10-04;23;28;88.0;270488.205
2020-10-05;27;43;111.0;297386.865
2020-10-06;26;37;116.0;404616.465
2020-10-07;25;34;87.0;246054.555
2020-10-08;29;42;96.0;274924.53
2020-10-09;18;34;88.0;199691.325
2020-10-10;9;17;43.0;160544.79
2020-10-11;12;17;47.0;133295.94
2020-10-12;13;20;60.0;284207.625
2020-10-13;16;20;52.0;152848.215
2020-10-14;39;54;144.0;412149.78
2020-10-15;37;54;144.0;400958.685
2020-10-16;36;48;115.0;334903.635
2020-10-17;16;23;64.0;209370.555
2020-10-18;13;21;57.0;125802.72
2020-10-19;32;48;112.0;389749.905
2020-10-20;36;68;165.0;593649.585
2020-10-21;27;42;121.0;415797.21
2020-10-22;36;64;162.0;508286.61
2020-10-23;37;55;142.0;448719.03
2020-10-24;23;61;161.0;350855.235
2020-10-25;34;51;131.0;451769.13
2020-10-26;58;88;218.0;477477.45
2020-10-27;44;57;160.0;415030.95
2020-10-28;32;59;152.0;363505.77
2020-10-29;32;57;164.0;470536.785
2020-10-30;38;68;160.0;384423.975
2020-10-31;33;56;167.0;429092.775
2020-11-01;16;29;89.0;228742.605
2020-11-02;35;49;140.0;331972.065
2020-11-03;47;65;184.0;553364.685
2020-11-04;63;94;278.0;974521.35
2020-11-05;46;75;224.0;594699.93
2020-11-06;37;68;204.0;598146.39
2020-11-07;27;42;118.0;278401.725
2020-11-08;34;47;115.0;261383.445
2020-11-09;56;81;217.0;535304.07
2020-11-10;53;85;248.0;785691.81
2020-11-11;70;128;326.0;1340764.965
2020-11-12;57;80;223.0;549164.295
2020-11-13;41;61;180.0;503997.66
2020-11-14;37;54;152.0;538167.645
2020-11-15;18;29;75.0;314439.345
2020-11-16;53;88;254.0;678603.51
2020-11-17;82;110;291.0;962385.255
2020-11-18;87;130;348.0;912153.285
2020-11-19;76;112;293.0;689374.08
2020-11-20;63;92;252.0;666837.54
2020-11-21;48;88;208.0;410637.51
2020-11-22;63;86;242.0;735321.015
2020-11-23;88;130;340.0;1010150.73
2020-11-24;89;152;399.0;1091518.335
2020-11-25;99;161;462.0;1199756.7
2020-11-26;136;202;566.0;1411627.86
2020-11-27;188;271;752.0;1813407.435
2020-11-28;125;170;429.0;1060274.16
2020-11-29;110;171;472.0;1207514.925
2020-11-30;152;203;533.0;1386888.705
2020-12-01;140;190;469.0;1123536.96
2020-12-02;146;241;670.0;1536674.985
2020-12-03;113;168;434.0;1146053.115
2020-12-04;88;124;335.0;911317.14
2020-12-05;77;102;254.0;633015.315
2020-12-06;65;89;222.0;642683.43
2020-12-07;124;187;518.0;1306432.935
2020-12-08;114;170;437.0;1018184.805
2020-12-09;123;167;446.0;1159914.645
2020-12-10;112;142;370.0;823868.01
2020-12-11;103;154;435.0;1159258.23
2020-12-12;74;112;281.0;894993.03
2020-12-13;88;134;363.0;780048.18
2020-12-14;123;170;458.0;1412072.415
2020-12-15;111;155;437.0;1130929.47
2020-12-16;95;127;342.0;793851.345
2020-12-17;92;114;272.0;749440.125
2020-12-18;77;93;249.0;586750.86
2020-12-19;67;113;281.0;659610.18
2020-12-20;64;85;237.0;559465.785
2020-12-21;91;112;287.0;665530.515
2020-12-22;121;176;507.0;1161404.775
2020-12-23;84;115;330.0;882768.015
2020-12-24;45;62;174.0;452173.86
2020-12-25;54;74;194.0;450794.52
2020-12-26;73;102;294.0;777887.595
2020-12-27;74;98;287.0;665575.29
2020-12-28;132;190;507.0;1141180.47
2020-12-29;111;161;453.0;1289991.96
2020-12-30;113;153;419.0;1023325.425
2020-12-31;70;100;296.0;733018.05
2021-01-01;74;110;293.0;657322.785
2021-01-02;108;150;391.0;950968.935
2021-01-03;116;160;439.0;1082696.04
2021-01-04;132;187;479.0;1151522.82
2021-01-05;142;194;537.0;1357298.1
2021-01-06;134;184;462.0;989461.035
2021-01-07;147;183;519.0;1295321.58
2021-01-08;138;206;549.0;1311278.805
2021-01-09;106;139;413.0;966325.185
2021-01-10;114;169;495.0;1184490.045
2021-01-11;171;219;581.0;1440197.505
2021-01-12;173;249;679.0;2039540.04
2021-01-13;191;261;691.0;1604971.935
2021-01-14;149;195;546.0;1414945.035
2021-01-15;135;178;498.0;1253301.48
2021-01-16;126;187;494.0;1224313.83
2021-01-17;112;153;404.0;858616.83
2021-01-18;176;259;717.0;1789087.365
2021-01-19;166;244;649.0;1602679.95
2021-01-20;159;221;601.0;1428338.655
2021-01-21;118;164;430.0;1018763.955
2021-01-22;132;183;501.0;1125171.27
2021-01-23;112;157;441.0;1278362.07
2021-01-24;96;122;325.0;947336.13
2021-01-25;157;223;610.0;1711751.76
2021-01-26;155;203;559.0;1439632.62
2021-01-27;163;200;543.0;1239585.84
2021-01-28;171;238;615.0;1421378.685
2021-01-29;147;200;577.0;1394213.895
2021-01-30;93;122;359.0;886233.33
2021-01-31;104;139;409.0;901502.55
2021-02-01;178;236;608.0;1495614.285
2021-02-02;221;284;795.0;1968702.12
2021-02-03;208;315;861.0;2190460.86
2021-02-04;204;306;843.0;2140231.635
2021-02-05;192;296;834.0;2104821.0
2021-02-06;170;226;620.0;1504513.26
2021-02-07;126;180;537.0;1153582.56
2021-02-08;186;256;712.0;1814225.805
2021-02-09;212;276;769.0;1794517.425
2021-02-10;230;322;881.0;2217185.64
2021-02-11;223;292;819.0;1963536.66
2021-02-12;194;263;720.0;1604439.495
2021-02-13;163;234;634.0;1582816.635
2021-02-14;177;240;652.0;1563835.77
2021-02-15;242;330;848.0;2012247.81
2021-02-16;235;312;830.0;1946966.985
2021-02-17;211;271;743.0;1733710.635
2021-02-18;228;300;811.0;2099491.56
2021-02-19;165;232;603.0;1403327.43
2021-02-20;174;241;662.0;1464403.095
2021-02-21;143;183;485.0;1185823.215
2021-02-22;171;237;661.0;1483108.38
2021-02-23;230;313;869.0;2029691.205
2021-02-24;217;304;790.0;2074210.74
2021-02-25;175;231;622.0;1473443.73
2021-02-26;148;202;594.0;1669773.555
2021-02-27;112;143;358.0;935414.46
2021-02-28;109;148;413.0;1003690.215
2021-03-01;142;176;492.0;1264524.84
2021-03-02;234;315;840.0;2059663.995
2021-03-03;244;331;848.0;2190101.445
2021-03-04;216;303;848.0;1962602.01
2021-03-05;179;250;664.0;1746727.245
2021-03-06;158;215;549.0;1287292.545
2021-03-07;190;258;682.0;1878503.265
2021-03-08;230;322;882.0;2170006.92
2021-03-09;265;378;1034.0;2457045.675
2021-03-10;218;280;782.0;1879983.945
2021-03-11;221;305;827.0;1964500.38
2021-03-12;171;249;686.0;1624405.635
2021-03-13;169;225;563.0;1295905.365
2021-03-14;154;188;518.0;1219357.08
2021-03-15;242;317;884.0;2170702.575
2021-03-16;252;339;969.0;2310278.085
2021-03-17;253;313;852.0;2189750.355
2021-03-18;334;453;1345.0;2886188.175
2021-03-19;304;416;1225.0;2765057.94
2021-03-20;249;322;925.0;2056035.375
2021-03-21;265;357;1000.0;2377125.405
2021-03-22;409;510;1497.0;3468639.78
2021-03-23;393;507;1457.0;3369145.5
2021-03-24;361;496;1346.0;3352908.33
2021-03-25;396;513;1419.0;3484675.305
2021-03-26;341;424;1248.0;3048000.66
2021-03-27;270;358;1020.0;2472382.71
2021-03-28;286;370;1076.0;2595423.87
2021-03-29;410;528;1535.0;3851530.56
2021-03-30;488;632;1795.0;4529869.47
2021-03-31;562;771;2197.0;5469965.955
2021-04-01;521;667;1865.0;4630413.6
2021-04-02;466;590;1666.0;3832953.3
2021-04-03;452;569;1552.0;3475874.655
2021-04-04;456;585;1611.0;4010692.05
2021-04-05;772;977;2751.0;6648796.08
2021-04-06;687;847;2340.0;5823661.635
2021-04-07;511;630;1720.0;3868027.425
2021-04-08;551;687;1854.0;4624660.125
2021-04-09;776;999;2764.0;6620497.74
2021-04-10;904;1096;3126.0;7102533.105
2021-04-11;996;1209;3394.0;8072263.575
2021-04-12;1933;2334;6415.0;14870754.09
2021-04-13;5695;6319;17907.0;41249918.61
2021-04-14;5675;6284;16826.0;36831584.88
2021-04-15;5681;6293;17093.0;37048608.09
2021-04-16;4886;5404;14415.0;31981637.97
2021-04-17;3875;4270;11432.0;25111943.505
2021-04-18;3977;4354;11691.0;25845866.685
2021-04-19;6483;7182;19058.0;43491191.445
2021-04-20;5957;6559;17421.0;38486467.665
2021-04-21;4637;5087;13845.0;30568380.39
2021-04-22;5787;6392;16982.0;37186758.495
2021-04-23;4662;5175;13998.0;30133774.35
2021-04-24;4697;5196;13155.0;27011292.435
2021-04-25;3403;3800;10112.0;21647571.75
2021-04-26;5710;6359;16842.0;37997226.945
2021-04-27;5670;6323;16775.0;35946548.865
2021-04-28;5193;5712;15197.0;32652800.865
2021-04-29;4967;5527;14853.0;31995210.555
2021-04-30;4000;4490;12269.0;25216733.025
2021-05-01;3114;3539;9767.0;20761369.92
2021-05-02;3489;3892;10616.0;22999995.315
2021-05-03;5118;5720;15030.0;33539542.56
2021-05-04;4789;5357;14572.0;32980255.155
2021-05-05;4269;4854;13005.0;29580347.925
2021-05-06;4212;4813;12703.0;29100524.445
2021-05-07;3262;3745;9992.0;22952880.675
2021-05-08;2481;2843;7540.0;16715008.575
2021-05-09;2365;2748;7409.0;16241035.77
2021-05-10;4646;5254;13964.0;30586549.05
2021-05-11;4589;5343;14359.0;31828815.36
2021-05-12;4242;4939;13025.0;29586619.575
2021-05-13;3891;4579;12094.0;26605585.665
2021-05-14;3421;4073;10712.0;23308828.29
2021-05-15;2540;3036;8236.0;17782720.155
2021-05-16;2618;3130;8512.0;18236475.585
2021-05-17;4522;5365;14342.0;31288899.285
2021-05-18;4429;5435;14783.0;32636573.595
2021-05-19;4252;5196;14056.0;30389886.45
2021-05-20;3889;4789;12847.0;28540092.915
2021-05-21;3646;4582;11778.0;25987427.37
2021-05-22;2820;3562;9196.0;20108875.23
2021-05-23;2485;3057;8183.0;18121998.87
2021-05-24;4316;5446;14552.0;31376135.79
2021-05-25;4514;5710;15127.0;34015716.045
2021-05-26;4983;6165;16498.0;35169796.89
2021-05-27;4822;6017;16104.0;34337894.535
2021-05-28;4346;5490;14786.0;32265497.34
2021-05-29;3130;4016;10687.0;23358836.025
2021-05-30;3263;4159;11291.0;24797549.925
2021-05-31;5619;6976;18563.0;39745592.01
2021-06-01;5530;6948;18553.0;39627549.405
2021-06-02;4780;6045;16448.0;36311598.405
2021-06-03;3991;5133;14191.0;30647911.815
2021-06-04;4392;5559;14854.0;33397563.78
2021-06-05;4313;5502;14990.0;33154576.875
2021-06-06;4702;5988;16305.0;35340815.655
2021-06-07;6866;8618;22810.0;52241148.72
2021-06-08;6869;8698;23750.0;55463752.485
2021-06-09;6789;8574;23257.0;52595995.995
2021-06-10;6498;8076;22251.0;50673259.98
2021-06-11;5526;6909;19003.0;42322270.41
2021-06-12;3755;4752;13014.0;29122826.715
2021-06-13;4191;5208;14339.0;32430084.39
2021-06-14;7452;9219;25353.0;57346996.815
2021-06-15;6784;8418;22965.0;52828057.35
2021-06-16;6107;7463;19967.0;45903220.425
2021-06-17;5551;6885;18785.0;42837553.215
2021-06-18;4974;6212;16716.0;36905562.27
2021-06-19;3820;4736;12362.0;27764075.7
2021-06-20;3915;4978;13453.0;29189088.945
2021-06-21;6538;8067;21827.0;48248901.0
2021-06-22;6083;7641;20609.0;45359653.59
2021-06-23;5779;7009;19216.0;42243784.605
2021-06-24;5867;7191;19572.0;42475188.69
2021-06-25;5144;6283;16851.0;36848955.015
2021-06-26;3840;4765;12824.0;27701901.63
2021-06-27;3981;4930;13394.0;30718676.565
2021-06-28;7117;8579;23257.0;52979632.965
2021-06-29;6519;7841;21190.0;47407026.33
2021-06-30;6306;7580;20606.0;46113800.805
2021-07-01;4791;5742;15929.0;35859714.75
2021-07-02;3720;4520;12398.0;28227770.46
2021-07-03;2935;3549;9775.0;21730799.295
2021-07-04;3043;3690;10220.0;23223186.99
2021-07-05;4927;6010;16466.0;37455871.77
2021-07-06;5594;6725;17429.0;40816109.34
2021-07-07;4314;5032;13145.0;30908685.51
2021-07-08;3578;4191;11242.0;27378334.395
2021-07-09;3397;4035;10833.0;25782230.745
2021-07-10;2389;2884;7778.0;17522329.77
2021-07-11;2743;3288;8705.0;19008156.33
2021-07-12;5168;6101;16137.0;36524258.145
2021-07-13;6456;7751;20979.0;48735181.17
2021-07-14;6800;8237;22270.0;51655339.35
2021-07-15;6049;7307;19803.0;45335134.35
2021-07-16;3580;4480;11763.0;26988851.115
2021-07-17;3274;4137;11087.0;25154788.32
2021-07-18;3606;4497;12193.0;27894054.15
2021-07-19;6105;7554;20368.0;46152721.17
2021-07-20;6229;7629;20511.0;46317081.24
2021-07-21;5940;7304;19479.0;43247338.02
2021-07-22;5391;6607;17858.0;40668882.21
2021-07-23;4969;6093;16050.0;37088361.675
2021-07-24;3217;4059;10706.0;24315849.27
2021-07-25;3438;4288;11607.0;26016560.415
2021-07-26;6560;7994;20734.0;47180208.645
2021-07-27;6967;8457;22297.0;50608024.065
2021-07-28;6758;8303;21852.0;49415176.395
2021-07-29;5950;7271;19473.0;45161189.325
2021-07-30;4875;5884;15566.0;36318321.765
2021-07-31;3721;4460;11972.0;27956236.95
2021-08-01;3988;4845;13136.0;30317981.13
2021-08-02;7087;8592;22765.0;52040201.13
2021-08-03;6346;7629;20497.0;47509571.565
2021-08-04;5934;7232;19397.0;45378591.57
2021-08-05;5271;6335;17045.0;40698153.315
2021-08-06;4584;5526;14869.0;34706258.73
2021-08-07;3232;3975;10540.0;23798648.385
2021-08-08;2920;3572;9645.0;22586220.495
2021-08-09;6323;7625;19954.0;47791435.05
2021-08-10;5605;6781;17683.0;43476034.725
2021-08-11;5389;6471;16913.0;40540131.585
2021-08-12;5527;6683;17491.0;40964324.445
2021-08-13;4660;5496;14243.0;33974229.285
2021-08-14;3486;4103;10449.0;24498807.345
2021-08-15;3397;4055;10475.0;24266154.645
2021-08-16;6160;7361;19060.0;45704697.615
2021-08-17;6051;7167;18974.0;45045923.085
2021-08-18;5505;6473;17170.0;43208343.72
2021-08-19;5101;6049;16156.0;40132097.1
2021-08-20;4142;4824;12938.0;31978157.94
2021-08-21;3214;3699;9897.0;23423558.58
2021-08-22;3274;3856;10267.0;24178029.03
2021-08-23;6223;7188;19160.0;46804006.98
2021-08-24;6019;6859;18160.0;43031479.23
2021-08-25;5866;6546;17587.0;40855799.385
2021-08-26;665;880;2453.0;6018371.73
2021-08-27;329;468;1296.0;3770032.725
2021-08-28;295;408;1088.0;2972092.5
2021-08-29;306;427;1164.0;2921336.415
2021-08-30;484;614;1723.0;4280218.29
2021-08-31;444;635;1726.0;4641427.62
2021-09-01;463;651;1802.0;4469433.84
2021-09-02;422;588;1603.0;4213075.725
2021-09-03;360;481;1300.0;3343742.415
2021-09-04;283;384;1008.0;2471083.425
2021-09-05;321;424;1190.0;2921252.445
2021-09-06;444;595;1613.0;4460476.59
2021-09-07;364;471;1290.0;3271810.365
2021-09-08;539;710;1965.0;5055800.76
2021-09-09;502;666;1823.0;4790782.035
2021-09-10;443;567;1617.0;4012105.5
2021-09-11;247;303;862.0;2014880.94
2021-09-12;3096;3447;9116.0;21493562.985
2021-09-13;1423;1648;4297.0;10308455.685
2021-09-14;465;669;1811.0;4862756.7
2021-09-15;470;647;1738.0;4673850.075
2021-09-16;481;662;1739.0;4654897.605
2021-09-17;488;714;1920.0;5121525.69
2021-09-18;334;446;1196.0;3177945.54
2021-09-19;364;499;1385.0;3870641.34
2021-09-20;577;802;2182.0;5801367.06
2021-09-21;574;784;2060.0;5699663.1
2021-09-22;561;799;2125.0;5906699.19
2021-09-23;544;745;2025.0;5483105.37
2021-09-24;526;731;1966.0;5221754.145
2021-09-25;391;553;1513.0;3962657.295
2021-09-26;389;516;1399.0;3781442.97
2021-09-27;797;1078;2933.0;8072289.9
2021-09-28;775;1074;2939.0;8254561.05
2021-09-29;723;941;2447.0;7096356.495
2021-09-30;735;970;2675.0;7066821.105
2021-10-01;784;1056;2819.0;7137928.125
2021-10-02;654;881;2239.0;5949948.87
2021-10-03;682;898;2368.0;6142818.915
2021-10-04;1212;1611;4138.0;10996836.93
2021-10-05;1338;1740;4568.0;11445646.95
2021-10-06;1284;1691;4324.0;10940889.645
2021-10-07;1784;2339;6161.0;15335988.66
2021-10-08;1509;1963;5158.0;13198872.645
2021-10-09;1214;1560;4074.0;10323308.565
2021-10-10;2037;2389;6075.0;15434508.42
2021-10-11;5788;6612;16572.0;41679215.955
2021-10-12;4223;4893;12166.0;30777801.57
2021-10-13;6595;7570;18701.0;48756221.64
2021-10-14;6319;7207;18039.0;46315319.13
2021-10-15;5424;6252;15686.0;40742590.77
2021-10-16;3793;4396;11027.0;27992081.25
2021-10-17;3560;4145;10456.0;25396864.83
2021-10-18;6737;7751;19103.0;50939599.14
2021-10-19;7031;8084;20374.0;52286452.2
2021-10-20;6095;7107;18009.0;45737496.9
2021-10-21;5993;7047;17792.0;43900192.53
2021-10-22;5107;5962;15146.0;37970597.88
2021-10-23;3473;4066;10305.0;25485812.91
2021-10-24;3653;4271;10849.0;26761956.615
2021-10-25;6774;7886;19675.0;49124480.49
2021-10-26;5653;6613;16672.0;41150980.305
2021-10-27;5194;6253;15523.0;39644395.335
2021-10-28;4932;5880;14916.0;38075896.665
2021-10-29;4531;5450;13847.0;35595900.585
2021-10-30;3049;3610;9199.0;24028353.225
2021-10-31;3837;4638;12254.0;34262754.12
2021-11-01;6441;7787;20316.0;52064495.64
2021-11-02;4679;5714;14711.0;36220353.795
2021-11-03;6941;8380;21831.0;54164067.255
2021-11-04;7048;8694;22749.0;55702970.955
2021-11-05;5854;7127;18490.0;46252364.985
2021-11-06;4263;5243;13619.0;32307504.975
2021-11-07;4737;5796;14915.0;35423185.05
2021-11-08;9093;11091;28622.0;69539789.205
2021-11-09;8373;10145;26244.0;64234451.115
2021-11-10;7556;8943;22814.0;55187279.415
2021-11-11;7131;8452;21741.0;54346036.545
2021-11-12;5682;6779;17277.0;44568877.95
2021-11-13;5661;6830;17274.0;44678739.375
2021-11-14;5116;6050;15422.0;38664271.35
2021-11-15;6268;7512;18870.0;46956758.13
2021-11-16;10039;12004;30560.0;78173403.84
2021-11-17;9197;10892;27396.0;70170755.535
2021-11-18;9078;10693;27429.0;69132604.32
2021-11-19;7953;9471;24259.0;61012911.195
2021-11-20;6106;7302;18561.0;44769968.505
2021-11-21;8337;9926;25183.0;62030866.68
2021-11-22;13455;15962;40874.0;102963692.52
2021-11-23;12576;14847;38431.0;95252221.71
2021-11-24;12474;14814;37966.0;92661664.185
2021-11-25;15166;17959;47249.0;113645992.905
2021-11-26;23693;27546;73819.0;169758670.14
2021-11-27;8276;9776;24908.0;60505882.02
2021-11-28;7624;9105;23432.0;55979000.955
2021-11-29;15230;18134;46303.0;113176491.93
2021-11-30;13754;16505;42213.0;103162001.94
2021-12-01;13400;16010;40537.0;97020452.745
2021-12-02;12175;13986;35474.0;83494223.595
2021-12-03;9748;11246;28523.0;69344858.16
2021-12-04;7037;8160;20410.0;49476293.325
2021-12-05;6759;7732;19674.0;47983400.235
2021-12-06;11378;13076;32743.0;77734767.42
2021-12-07;9570;11054;27715.0;68567590.89
2021-12-08;8930;10294;25861.0;62944844.49
2021-12-09;8747;10028;24833.0;62013834.045
2021-12-10;6577;7612;19100.0;49368490.47
2021-12-11;5741;6612;16248.0;40065837.345
2021-12-12;5666;6464;15990.0;38645249.805
2021-12-13;10615;12147;30180.0;76752717.03
2021-12-14;8984;10267;25671.0;65289200.985
2021-12-15;7960;9103;22676.0;57349475.46
2021-12-16;7232;8263;20779.0;53070940.485
2021-12-17;5955;6844;17195.0;44321079.375
2021-12-18;4611;5255;13236.0;33680547.225
2021-12-19;4487;5170;13082.0;33391657.845
2021-12-20;8118;9293;23405.0;60383385.9
2021-12-21;7072;8175;20454.0;52535819.07
2021-12-22;6521;7512;18819.0;48487538.52
2021-12-23;5901;6788;17137.0;44931181.905
2021-12-24;3788;4371;10963.0;28717114.68
2021-12-25;3492;4043;10151.0;26238616.74
2021-12-26;5052;5860;14427.0;37346138.055
2021-12-27;9932;11420;28100.0;72962018.37
2021-12-28;8072;9384;23589.0;61470569.16
2021-12-29;6709;7762;19501.0;50109732.09
2021-12-30;5740;6690;16681.0;42960313.71
2021-12-31;3277;3801;9624.0;25258768.695
2022-01-01;3089;3573;8962.0;23253241.995
2022-01-02;4940;5718;13964.0;35819709.615
2022-01-03;9748;11303;27727.0;72890577.675
2022-01-04;8933;10335;25556.0;66645117.225
2022-01-05;8100;9491;23604.0;60358244.445
2022-01-06;7492;8640;21832.0;55319390.685
2022-01-07;6506;7562;19146.0;48057527.115
2022-01-08;5570;6416;16168.0;39917407.14
2022-01-09;4667;5421;13887.0;33319405.53
2022-01-10;8974;10410;26229.0;65190949.785
2022-01-11;8663;10092;26078.0;63171799.83
2022-01-12;7699;8857;22308.0;55843171.92
2022-01-13;6967;7825;20004.0;50275651.815
2022-01-14;5689;6355;16274.0;41502357.81
2022-01-15;4513;5030;12668.0;32700273.885
2022-01-16;3851;4319;11052.0;27630268.83
2022-01-17;7653;8541;21646.0;55901468.295
2022-01-18;6908;7797;19850.0;52128900.45
2022-01-19;6506;7274;18060.0;47046274.11
2022-01-20;6276;7030;17580.0;47880403.335
2022-01-21;5811;6541;16202.0;42534797.085
2022-01-22;4794;5365;13457.0;34708254.705
2022-01-23;4082;4544;11305.0;30161095.56
2022-01-24;8009;8929;22310.0;58838967.225
2022-01-25;7872;8842;22911.0;59188061.115
2022-01-26;7652;8565;22007.0;56301962.535
2022-01-27;7069;7816;20356.0;52584654.825
2022-01-28;6055;6795;17745.0;45867548.925
2022-01-29;5076;5665;14984.0;36892980.9
2022-01-30;5166;5776;15098.0;37548081.315
2022-01-31;7273;8120;21111.0;52853989.275
2022-02-01;7432;8235;21056.0;52936661.295
2022-02-02;6862;7600;19786.0;49582064.25
2022-02-03;7497;8381;21703.0;54085675.05
2022-02-04;6612;7346;19302.0;49490682.21
2022-02-05;5176;5694;14925.0;36509001.705
2022-02-06;5410;5969;15730.0;37217301.39
2022-02-07;8242;9105;23957.0;58089181.86
2022-02-08;7292;8092;21085.0;53495585.37
2022-02-09;6926;7595;19258.0;48262344.345
2022-02-10;4905;5374;13943.0;34980210.765
2022-02-11;267;322;847.0;2434551.435
2022-02-12;227;276;706.0;2167376.04
2022-02-13;227;278;722.0;2262650.715
2022-02-14;330;410;1299.0;3355861.365
2022-02-15;283;362;880.0;3076104.51
2022-02-16;290;366;942.0;2807084.655
2022-02-17;281;341;955.0;3241893.375
2022-02-18;259;321;860.0;2474777.025
2022-02-19;292;361;936.0;2803940.685
2022-02-20;231;303;751.0;2408468.805
2022-02-21;318;387;1015.0;2746237.05
2022-02-22;345;418;1105.0;3225676.095
2022-02-23;297;376;983.0;3007210.68
2022-02-24;280;337;885.0;2676278.07
2022-02-25;249;305;743.0;2398459.275
2022-02-26;240;292;743.0;2154411.54
2022-02-27;205;248;653.0;1931467.005
2022-02-28;269;339;811.0;2554717.59
2022-03-01;249;302;764.0;2182836.825
2022-03-02;381;468;1208.0;3939302.025
2022-03-03;352;442;1144.0;3246037.875
2022-03-04;303;370;1027.0;2988546.795
2022-03-05;211;267;702.0;1967178.42
2022-03-06;209;244;652.0;2092454.505
2022-03-07;379;470;1182.0;3517028.55
2022-03-08;303;357;930.0;2856225.645
2022-03-09;308;364;956.0;2747452.905
2022-03-10;295;383;1001.0;3021937.02
2022-03-11;222;277;670.0;1891864.08
2022-03-12;228;280;712.0;2310817.275
2022-03-13;235;294;734.0;2162734.425
2022-03-14;389;482;1248.0;3907054.35
2022-03-15;425;540;1366.0;4064267.385
2022-03-16;346;420;1037.0;3248332.875
2022-03-17;379;466;1146.0;3679064.055
2022-03-18;336;401;1007.0;3220189.56
2022-03-19;262;320;822.0;2464652.025
2022-03-20;302;358;909.0;2971477.575
2022-03-21;548;670;1725.0;5501582.505
2022-03-22;420;507;1288.0;3605767.74
2022-03-23;446;556;1370.0;4198624.515
2022-03-24;420;509;1319.0;4155170.13
2022-03-25;354;456;1161.0;3310087.95
2022-03-26;330;392;971.0;2777121.99
2022-03-27;309;392;945.0;3044212.605
2022-03-28;461;577;1468.0;4429713.51
2022-03-29;462;563;1446.0;4215667.275
2022-03-30;474;618;3238.0;10530374.355
2022-03-31;484;588;1467.0;4565089.17
2022-04-01;425;527;1327.0;4016168.505
2022-04-02;301;368;949.0;2827967.31
2022-04-03;399;490;1316.0;4017583.62
2022-04-04;450;542;1371.0;4817463.705
2022-04-05;472;585;1578.0;4708420.605
2022-04-06;463;562;1434.0;4105087.11
2022-04-07;527;650;1684.0;5044049.145
2022-04-08;452;544;1343.0;3950841.87
2022-04-09;314;377;936.0;2672693.865
2022-04-10;411;498;1266.0;3724906.77
2022-04-11;576;690;1778.0;5499629.91
2022-04-12;511;628;1559.0;5025792.33
2022-04-13;482;601;1457.0;4545886.635
2022-04-14;456;555;1384.0;4114496.88
2022-04-15;381;464;1180.0;3777360.975
2022-04-16;347;396;1044.0;2901357.675
2022-04-17;369;445;1162.0;3482366.445
2022-04-18;618;743;1837.0;5589579.51
2022-04-19;581;706;1831.0;5656807.44
2022-04-20;524;634;1661.0;6145077.51
2022-04-21;381;466;1141.0;3532616.91
2022-04-22;551;668;1659.0;5495132.16
2022-04-23;367;431;1167.0;3628510.29
2022-04-24;402;472;1183.0;3491131.005
2022-04-25;662;791;1979.0;6438486.24
2022-04-26;639;785;2005.0;6597025.02
2022-04-27;651;764;1950.0;6030334.845
2022-04-28;753;913;2404.0;7147623.195
2022-04-29;708;837;2128.0;6774660.99
2022-04-30;594;730;1839.0;5491935.585
2022-05-01;615;755;1921.0;5549244.66
2022-05-02;854;1043;2686.0;7867623.195
2022-05-03;879;1061;2738.0;8092557.72
2022-05-04;986;1191;3036.0;8913428.595
2022-05-05;966;1168;2932.0;8811557.055
2022-05-06;857;1059;3436.0;12177129.735
2022-05-07;609;716;1792.0;5451665.85
2022-05-08;771;914;2345.0;7124594.985
2022-05-09;1234;1482;3813.0;12108264.255
2022-05-10;1357;1616;4040.0;12139658.82
2022-05-11;1438;1692;4463.0;12848328.0
2022-05-12;1399;1640;4090.0;13025823.12
2022-05-13;1515;1784;4395.0;12965248.26
2022-05-14;1230;1426;3634.0;10225168.92
2022-05-15;1334;1567;3994.0;10713366.585
2022-05-16;2143;2487;6142.0;18016346.655
2022-05-17;2274;2646;6538.0;19578438.81
2022-05-18;5258;5909;14543.0;43294381.65
2022-05-19;5846;6523;16219.0;49017266.235
2022-05-20;5064;5610;14013.0;41551726.815
2022-05-21;3960;4385;10760.0;30256358.175
2022-05-22;3675;4104;10080.0;28298695.545
2022-05-23;6177;6841;16821.0;49197818.295
2022-05-24;6140;6843;16980.0;49873987.26
2022-05-25;6001;6702;16982.0;49406980.41
2022-05-26;5916;6565;16542.0;46935326.97
2022-05-27;5192;5734;14203.0;39521213.865
2022-05-28;3223;3580;9241.0;24776953.785
2022-05-29;3668;4047;10121.0;27776063.97
2022-05-30;5888;6495;15904.0;44450011.26
2022-05-31;6350;7051;17432.0;46519405.245
2022-06-01;6467;7138;17451.0;48668951.745
2022-06-02;6127;6790;16525.0;45105558.93
2022-06-03;5699;6318;15314.0;42720665.85
2022-06-04;4757;5306;13085.0;37193575.05
2022-06-05;5189;5750;14006.0;38830718.655
2022-06-06;7197;7906;19403.0;55056752.055
2022-06-07;7448;8214;20130.0;55652996.61
2022-06-08;6644;7334;17893.0;50136583.725
2022-06-09;6072;6726;16531.0;46590585.525
2022-06-10;5305;5890;14693.0;41697585.99
2022-06-11;4422;4917;12090.0;34487884.35
2022-06-12;5016;5542;13789.0;38613509.685
2022-06-13;6667;7333;18272.0;49762765.395
2022-06-14;6102;6719;16767.0;46480138.47
2022-06-15;5784;6413;15829.0;44624677.185
2022-06-16;5353;5914;14716.0;41567669.145
2022-06-17;6365;7091;17442.0;48363350.85
2022-06-18;4315;4843;11910.0;33532240.185
2022-06-19;6958;7704;18887.0;53121330.585
2022-06-20;7049;7846;19515.0;55304412.075
2022-06-21;7653;8474;21426.0;60599526.975
2022-06-22;6885;7698;19108.0;53245364.445
2022-06-23;6827;7538;19052.0;53219351.745
2022-06-24;5458;6021;15076.0;40967916.885
2022-06-25;4489;4983;12517.0;34019745.975
2022-06-26;5705;6342;15699.0;43873226.685
2022-06-27;5977;6633;16842.0;44944926.345
2022-06-28;5070;5600;14301.0;38765621.43
2022-06-29;6148;6802;17278.0;45562029.525
2022-06-30;9091;10047;24890.0;66938794.245
2022-07-01;7101;7874;19079.0;51684054.93
2022-07-02;5588;6198;15123.0;41432782.905
2022-07-03;5733;6344;15616.0;41726961.81
2022-07-04;7259;8003;19364.0;52922740.32
2022-07-05;8424;9293;22413.0;61447798.575
2022-07-06;8216;9080;21868.0;58625936.505
2022-07-07;7661;8445;20508.0;55991956.41
2022-07-08;6403;7064;17463.0;48596775.165
2022-07-09;5514;6084;15040.0;39857469.84
2022-07-10;6040;6682;16336.0;43641159.255
2022-07-11;9313;10262;24926.0;66717175.905
2022-07-12;9192;10101;24822.0;66195035.73
2022-07-13;8123;8981;22191.0;59864291.415
2022-07-14;7865;8657;21452.0;57994303.815
2022-07-15;6565;7259;17952.0;48519139.815
2022-07-16;5107;5616;13979.0;36990968.85
2022-07-17;5701;6291;15754.0;40881988.575
2022-07-18;10608;11618;28735.0;77550239.52
2022-07-19;9363;10251;25391.0;68251998.735
2022-07-20;8106;8884;21695.0;58020904.395
2022-07-21;7510;8312;20308.0;53741174.085
2022-07-22;6316;6920;17088.0;47431016.19
2022-07-23;5127;5596;13954.0;36874309.995
2022-07-24;5258;5716;13938.0;39374269.92
2022-07-25;8062;8882;21824.0;58790054.61
2022-07-26;7943;8850;21765.0;60002372.655
;28758;31648;78529.0;210409103.7
